sku,asin,title,current_price,unit_cost
elastic-band-1inch-black,B0DV6HRNST,"ZIBELL Elastic Bands for Tailoring, Sewing Elastic for Pants and Clothes, High Elasticity Knit Spool, DIY Projects (Black, 1 Inch, 10 Meters)",227,90.80000000000001
white-grey-heel-socks-Set6,B0F9R772XH,"Men's White Crew Socks, White with Grey Heel, Pack of 6, Size 9-12, Ideal for Cricket, Running",282,112.80000000000001
beanie-hat-P3-red,B0FSSN9XWY,"Winter Woolen Beanie Cap for Men, Women, Boys, Girls, Stylish Soft Thermal Wear Head Cap (in, Alpha, Free Size, Red)",283,113.2
SOCKS-GREY-BLACK-PACK-6,B0GC5Z3Q59,"ZIBELL 6 Pack Black Cotton Mid-Calf Socks with Gray Heel & Toe - Everyday Comfort",325,130
elastic-band-3/4inch-white,B0DKG5Y86X,"ZIBELL Elastic Bands for Tailoring, Sewing Elastic for Pants and Clothes, High Elasticity Knit Spool, DIY Projects (White, 0.75 Inch, 10 Meters)",227,90.80000000000001
organica/combo/2,B0CXMJ142T,"ZIBELL Organic Cotton Eyebrow Threading Thread Tool for Women - 2 Spools x 300 Meters Thread for Eyebrows Threading - Upperlips Shaping, Green",233,93.2
WHITE-25MM-10M,B0D5HKBD4K,"ZIBELL Elastic Bands for Tailoring, Sewing Elastic for Pants and Clothes, High Elasticity Knit Spool, DIY Projects (White, 1 Inch, 10 Meters)",227,90.80000000000001
embr-thread-pack-50,B0D4MMF6S6,"ZIBELL Embroidery Floss Rainbow Color 50 Skeins Per Pack Cross Stitch Threads Friendship Bracelets String Embroidery Thread Cotton Floss Bracelet Yarn",368,147.20000000000002
butcher/twine,B0CYR3RSFG,"Butcher Twine 12 Ply Cotton Kitchen Twine for Cooking - Cotton Thread for Craft - Cotton Rope for Hanging - Butchers Thread-Food Safe String",199,79.60000000000001
pompom-hat-white-grey,B0FSSK6CC4,"ZIBELL Stylish Winter Woolen Cap for Women, Girls, Thermal Head Wear (in, Alpha, Free Size, Pattern 5)",349,139.6
beanie-hat-P2-beige,B0FSSDDRFP,"Winter Beanie Cap for Men & Women - Unisex Adults, One Size, Slouchy, Breathable, Lightweight, Warm, Windproof,Acrylic (in, Alpha, Free Size, Beige)",283,113.2
winter-neckset-glove-set-Black,B0G2B4P1RY,"ZIBELL 3-in-1 Winter Hat, Scarf and Gloves Set, Unisex Dual-Layered Woolen Beanie Cap with Fleece Lining, Classic Black, for Cold Weather Protection",284,113.60000000000001
vanity/box/global/Listing,B0CY9D4K9W,"Zibell Organic Cotton Eyebrow Threading Tool - 10 Spools x 300 Meters - Thread for Eyebrows, Upper Lips, Forehead, Chin Hair Removal - Salon, Spa, Hom",356,142.4
football/em/pink,B0CQCNVV5F,"ZIBELL Boy Girl Winter Earmuffs Outdoor Wear Soft Faux Fur Plush Ear Warmer Football Design Windproof Woolen Warm Earmuff | Soccer Furry Pattern (Free",199,79.60000000000001
football/em/red,B0CQCPFWQP,"ZIBELL Boy Girl Winter Earmuffs Outdoor Wear Soft Faux Fur Plush Ear Warmer Football Design Windproof Woolen Warm Earmuff | Soccer Furry Pattern (Free",199,79.60000000000001
butcher/twine/1,B0CYHLP8V4,"Butchers Twine 12 Ply Cotton Kitchen Twine for Roasting, Bakers, Cooking - Food Safe String|Meat, Sausage, Poultry Trussing - 2MM Thread - 80m",199,79.60000000000001
Panties-Floral-Set3-M,B0F9LT3K9J,"ZIBELL Women's Floral Print Cotton Panties, Full Coverage, Pack of 3 (in, Alpha, M, Regular, 3, Floral Assorted)",334,133.6
pompom-hat-white-black,B0FSSKY5VX,"ZIBELL Stylish Winter Woolen Cap for Women, Girls, Thermal Head Wear (in, Alpha, Free Size, Pattern 1)",349,139.6
embroidery-rangoli-25pc,B0F79YM8ZH,"Embroidery Threads 25 Skeins Kits, Embroidery Floss Cross Stitch Threads Friendship Bracelets Thread Crafts Floss Rainbow Color with Embroidery Floss",199,79.60000000000001
face-mask-pack1,B0F63FV2ZG,"ZIBELL Neck Gaiter Face Mask, Black Breathable Bandana, Sun Protection Multipurpose Headband (1)",189,75.60000000000001
organica/box,B0CXN8XF5H,"ZIBELL Organic Cotton Eyebrow Threading Thread Tool For Women - 8 Spools X 300 Meters - Eyebrows Threading - Upperlips Shaping - Forehead Chin Hair Re",427,170.8
NeckSet/Black,B0DN7C72H4,"Winter Beanie hat Scarf 2 Pieces Set Warm, Inside Fur Knitted hat Thick Fleece Lining Winter hat & Scarf for Men and Women - Free Size (IN, Alpha, Fre",189,75.60000000000001
Fleece Socks Set 5,B0DNRNZNNM,"ZIBELL Winter Wool Socks for Women - Set of 5 - Woolen Solid Thick Warm Socks - Cozy Crew Socks Thermal Socks for Cold Winter Work Hiking Running",434,173.60000000000002
DM-QNPX-C90C,B0G1JZ9CYC,"ZIBELL Women's Winter Beanie Hat with Pom Pom, Fleece Lined Cable Knit, Slouchy Style for Cold Weather (in, Alpha, Free Size, Red)",349,139.6
pompom-hat-pink-grey,B0FSSKCT35,"ZIBELL Stylish Winter Woolen Cap for Women, Girls, Thermal Head Wear (in, Alpha, Free Size, Pattern 2)",349,139.6
cycling-shorts-swb-L-BZR,B0DXCGBRDB,"Women's Cycling Shorts, Pack of 3, Mid-Thigh Length, Black/Beige/White (in, Alpha, L, 3, Black, Skin, White)",489,195.60000000000002
Organica/BOX,B07VK23Z5D,"Organica Eyebrow Hair Remover Cotton Threading Organic Threads -8 Spool X 300 m",414,165.60000000000002
Panties-MulticolorPlain-Set3-S,B0FJH8SWK7,"ZIBELL Women's Plain Cotton Hipster Panties, Full Coverage, Pack of 3 (in, Alpha, S, Regular, 3, Multicolor)",334,133.6
embroidery-rangoli-100pc,B0F7B31P7G,"Embroidery Threads 50 Skeins Kits, Embroidery Floss Cross Stitch Threads Friendship Bracelets Thread Crafts Floss Rainbow Color with Embroidery Floss",391,156.4
Panties-Floral-Set3-L,B0F9LRKSCV,"ZIBELL Women's Floral Print Cotton Panties, Full Coverage, Pack of 3 (in, Alpha, L, Regular, 3, Floral Assorted)",334,133.6
beanie-hat-P3-blue,B0FSSR1QL3,"Winter Woolen Beanie Cap for Men, Women, Boys, Girls, Stylish Soft Thermal Wear Head Cap (in, Alpha, Free Size, Blue)",283,113.2
face-mask-pack2,B0F63DMLRX,"ZIBELL Neck Gaiter Face Mask, Black Breathable Bandana, Sun Protection Multipurpose Headband (2)",472,188.8
embroidery-rangoli-50pc,B0F7B22H2P,"Embroidery Threads 50 Skeins Kits, Embroidery Floss Cross Stitch Threads Friendship Bracelets Thread Crafts Floss Rainbow Color with Embroidery Floss",289,115.60000000000001
ankle-diabetic-socks-set5,B0FMJZ2467,"ZIBELL Ankle Length Diabetic Socks for Men - Health Socks - Ankle Length Socks -Soft, Breathable, Non-Binding, Moisture Control, Boosts Circulation, I",441,176.4
WC-P-01,B0FT8LN995,"ZIBELL Winter Woolen Thermal Cap for Women, Girls, Warm Head Wear (in, Alpha, Free Size, Pattern 1)",349,139.6
bamboo-crew-set5,B0FMKNRYZ3,"ZIBELL Bamboo Crew Socks for Men, Calf Length, Pack of 5, Breathable Comfort, Formal Socks, Full Length, Odour Free & Cushioned Base, Assorted Colours",598,239.20000000000002
ZY-B45N-GAHL,B0G1YKSDNR,"ZIBELL Winter Plush Foldable Earmuffs, Faux Fur Ear Warmers, Fluffy Headband for Women, Girls and Adults, One Size Fits All, Outdoor Cold Weather Protection (Peach, One Size)",284,113.60000000000001
beanie-hat-P3-green,B0FSSYNJ4L,"Winter Woolen Beanie Cap for Men, Women, Boys, Girls, Stylish Soft Thermal Wear Head Cap (in, Alpha, Free Size, Green)",279,111.60000000000001
WC-BLACK-PLAIN,B0G1XMM18F,"Winter Beanie Cap for Men, Slouchy Style, Lightweight Acrylic, One Size, Warm and Windproof for Adults Black",284,113.60000000000001
Vanity/BOX,B07CRG8DX8,"VANITY Eyebrow Threading Anti Bacterial Cotton Thread - Pack of 10 Rolls",359,143.6
beanie-hat-P3-maroon,B0FSSPDG8M,"Winter Woolen Beanie Cap for Men, Women, Boys, Girls, Stylish Soft Thermal Wear Head Cap (in, Alpha, Free Size, Maroon)",279,111.60000000000001
snow-socks-multi-set6,B0G1K47N4Y,"ZIBELL Winter Collection 6-Pack Wool Blend Thermal Wool Fur Socks, Thick Ribbed Knit, Plush Cushioned, Crew Length Women",299,119.60000000000001
Formal-socks-combo-3,B0D4ZGZY69,"ZIBELL Men's Formal Dress Cotton Blend Solid Color Crew Full Length Lightweight Reusable Washable Casual (IN, Alpha, Free Size, Black)",0,0
cycling-shorts-swb-2XL-BZR,B0DXCFK35X,"Women's Cycling Shorts, Pack of 3, Mid-Thigh Length, Black/Beige/White (in, Alpha, 2XL, 3, Black, Skin, White)",489,195.60000000000002
dobby-grey-handtowel-16x24in-set6,B0FMRP3XT5,"ZIBELL Premium Hand Towels Set of 6 Large - Luxurious Design with Exceptional Durability - Absorbent Shower Towels for Home & Spa - 16 x 24 Inch Size",799,319.6
beret-hat-1,B0FT8M3G1S,"ZIBELL Women's Winter Knit Beanie Beret Hat, Warm Headwear for Cold Weather (in, Alpha, Free Size, Pattern 1)",284,113.60000000000001
NO-J012-ZXJN,B0D95X2Q12,"Duufin 12 Pairs Women's Crew Socks Mid Calf Lightweight Casual Gym Workout Plain Sock Ladies Crew Socks, Black,white, 9-11",347,138.8
WC-P-03,B0FT8NW5BQ,"ZIBELL Winter Woolen Thermal Cap for Women, Girls, Warm Head Wear (in, Alpha, Free Size, Pattern 3)",349,139.6
WG-BLACK-01,B0G1TYPYGS,"ZIBELL Winter Warm Splashproof Windproof Cotton Polyester Hand Gloves for Men Women, with Anti-Slip Design, 27cm Length, for Riding, Cycling, Skiing,",179,71.60000000000001
Panties-Floral-Set3-XL,B0F9LR3B14,"ZIBELL Women's Floral Print Cotton Panties, Full Coverage, Pack of 3 (in, Alpha, XL, Regular, 3, Floral Assorted)",334,133.6
WC-P-05,B0FT8QD1CR,"ZIBELL Winter Woolen Thermal Cap for Women, Girls, Warm Head Wear (in, Alpha, Free Size, Pattern 5)",349,139.6
WC-P-04,B0FT8QQF1R,"ZIBELL Winter Woolen Thermal Cap for Women, Girls, Warm Head Wear (in, Alpha, Free Size, Pattern 4)",349,139.6
Panties-Floral-Set3-2XL,B0F9LRB9RS,"ZIBELL Women's Floral Print Cotton Panties, Full Coverage, Pack of 3 (in, Alpha, 2XL, Regular, 3, Floral Assorted)",334,133.6
WC-P-06,B0FT8MPTXR,"ZIBELL Winter Woolen Thermal Cap for Women, Girls, Warm Head Wear (in, Alpha, Free Size, Pattern 6)",349,139.6
design-bathtowel-golden-set1,B0FRXWB3KW,"ZIBELL Premium Bath Towels - Luxurious Bath Towel Set with Exceptional Durability - Absorbent Shower Towels for Home & Spa - 30 x 60 Inch Size (Golden",449,179.60000000000002
A9-U7LZ-X1NQ,B0FR3DWJCT,"ZIBELL Winter Beanie Cap, Unisex Slouchy Style, Lightweight and Warm (in, Alpha, Free Size, Navy Blue)",279,111.60000000000001
WC-Pump-Cap-Red,B0G3RGHR9P,"ZIBELL Moving Bunny Ear Hat, Plush Winter Animal Cap with Air Pump Ears, Soft Knit Lining for Kids, Girls and Boys (in, Age, 5 Years, 15 Years, Red)",489,195.60000000000002
pantyhose-black-2,B0DVB2LQM9,"ZIBELL Women's Sheer Pantyhose, Black Control Top Tights with Reinforced Toe (IN, Alpha, Free Size, 2, Black)",284,113.60000000000001
ankle-striped-towel-set5,B0FMJXTBNC,"ZIBELL Ankle Length Socks for Men Combo Pack of 5 - Combed Cotton Terry Towel Breathable Material, Premium Ankle Socks for Men Cotton Terry, Comfortab",371,148.4
pantyhose-skin-3,B0DVBBB838,"ZIBELL Women's Sheer Pantyhose, Black Control Top Tights with Reinforced Toe (IN, Alpha, Free Size, 3, Skin)",299,119.60000000000001
health-socks-pack5,B0F54815WK,"ZIBELL Crew Socks for Men - Health Socks - Calf Length Socks -Soft, Breathable, Non-Binding, Moisture Control, Boosts Circulation, Ideal For Neuropath",633,253.20000000000002
beanie-hat-P2-black,B0FSS3G1D1,"Winter Beanie Cap for Men & Women - Unisex Adults, One Size, Slouchy, Breathable, Lightweight, Warm, Windproof,Acrylic (in, Alpha, Free Size, Black)",852,340.8
Panties-MulticolorPlain-Set3-L,B0FJHDCPQ7,"ZIBELL Women's Plain Cotton Hipster Panties, Full Coverage, Pack of 3 (in, Alpha, L, Regular, 3, Multicolor)",334,133.6
WT-SVAW-2N0M,B0DX368BZN,"ZIBELL 12 Pairs Mens Crew Socks Mid Calf Socks Lightweight Casual Socks",449,179.60000000000002
embr-thread-pack-100,B0D4MLBBNS,"ZIBELL Embroidery Floss Rainbow Color 100 Skeins Per Pack Cross Stitch Thread Friendship Bracelets String Embroidery Thread Cotton Floss Bracelet Yarn",522,208.8
plain-earmuff-grey,B0DP9LXM72,"ZIBELL Winter Ears Warmer Earmuffs Women Fluffy Earflap Headband Plush Foldable Earflap Ear Muffs",364,145.6
football/em/brown,B0CQCN9QF4,"ZIBELL Boy Girl Winter Earmuffs Outdoor Wear Soft Faux Fur Plush Ear Warmer Football Design Windproof Woolen Warm Earmuff | Soccer Furry Pattern (Free",286,114.4
S4-6OWM-HFUJ,B0G1YFGYJV,"ZIBELL Winter Plush Foldable Earmuffs, Faux Fur Ear Warmers, Fluffy Headband for Women, Girls and Adults, One Size Fits All, Outdoor Cold Weather Protection (Brown, One Size)",284,113.60000000000001
B9-PJXK-94PI,B0G1JS6PHF,"ZIBELL Women's Winter Beanie Hat with Pom Pom, Fleece Lined Cable Knit, Slouchy Style for Cold Weather (in, Alpha, Free Size, Brown)",349,139.6
organica-combo,B079Z5SLL4,"Husky Quality Our Priority Eyebrows Thread (Sadar Shop) 2 Spool Organica Eyebrow Cotton Threading Threads Antiseptic Facial Hair Remover (C-900)",220,88
steel-grey-14x21-handtowel-set6,B0FMRK5XJ2,"ZIBELL Premium Hand Towels Set of 6 Large - Luxurious Design with Exceptional Durability - Absorbent Shower Towels for Home & Spa - 14 x 21 Inch Size",799,319.6
beanie-hat-P2-green,B0FSSNSYSC,"Winter Beanie Cap for Men & Women - Unisex Adults, One Size, Slouchy, Breathable, Lightweight, Warm, Windproof,Acrylic (in, Alpha, Free Size, Dark Gre",283,113.2
beret-hat-3,B0FT8N8QJJ,"ZIBELL Women's Winter Knit Beanie Beret Hat, Warm Headwear for Cold Weather (in, Alpha, Free Size, Pattern 3)",283,113.2
face-mask-pack5,B0F63DYQCS,"ZIBELL Neck Gaiter Face Mask, Black Breathable Bandana, Sun Protection Multipurpose Headband (5)",299,119.60000000000001
A5-YKPF-F06G,B0G1JS3V89,"ZIBELL Women's Winter Beanie Hat with Pom Pom, Fleece Lined Cable Knit, Slouchy Style for Cold Weather (in, Alpha, Free Size, Black)",349,139.6
D9-RH98-9LAD,B0G1JS5THG,"ZIBELL Women's Winter Beanie Hat with Pom Pom, Fleece Lined Cable Knit, Slouchy Style for Cold Weather (in, Alpha, Free Size, Pink)",349,139.6
tights/red/2xl,B0FBKGQNDT,"ZIBELL Gym Tights, Athletic Leggings for Women, High-Waist Workout Pants (in, Alpha, 2XL, Regular, Red)",299,119.60000000000001
5N-OMRT-PT9U,B015WFRB36,"Organica 2 Spool x 300m Organic Cotton Eyebrow Threading Thread - India, Green",220,88
JG-X3HO-ZFNW,B0G1JX2BLV,"ZIBELL Women's Winter Beanie Hat with Pom Pom, Fleece Lined Cable Knit, Slouchy Style for Cold Weather (in, Alpha, Free Size, Gray)",349,139.6
beret-hat-4,B0FT8PMDDJ,"ZIBELL Women's Winter Knit Beanie Beret Hat, Warm Headwear for Cold Weather (in, Alpha, Free Size, Pattern 4)",283,113.2
Y5-5ZGM-RWKW,B0G1JWXJPC,"ZIBELL Women's Winter Beanie Hat with Pom Pom, Fleece Lined Cable Knit, Slouchy Style for Cold Weather (in, Alpha, Free Size, White)",349,139.6
beanie-Plain-NavyBlue,B0G2BYJPKF,"ZIBELL Winter Beanie Cap, Navy Blue Slouchy Style, Lightweight Acrylic, One Size, Warm and Windproof for Adults",284,113.60000000000001
pompom-hat-grey-white,B0FSS2RPR7,"ZIBELL Stylish Winter Woolen Cap for Women, Girls, Thermal Head Wear (in, Alpha, Free Size, Pattern 3)",349,139.6
beret-hat-2,B0FT8NBBZM,"ZIBELL Women's Winter Knit Beanie Beret Hat, Warm Headwear for Cold Weather (in, Alpha, Free Size, Pattern 2)",284,113.60000000000001
cycling-shorts-swb-S,B0DV5X5C28,"ZIBELL Women's Cycling Shorts, Pack of 3, Mid-Thigh Length, Black/Beige/White (in, Alpha, S, Regular, 3, Skin, White, Black)",479,191.60000000000002
dobby-golden-handtowel-16x24in-set6,B0FMRQY2GC,"ZIBELL Premium Hand Towels Set of 6 Large - Luxurious Design with Exceptional Durability - Absorbent Shower Towels for Home & Spa - 16 x 24 Inch Size",799,319.6
UniNeckSetPlain/Black,B0DM2Q5R73,"ZIBELL Winter Beanie hat Scarf 2 Pieces Set Warm, Inside Fur Knitted hat Thick Fleece Lining Winter hat & Scarf for Men and Women - Free Size (in, Alp",284,113.60000000000001
Panties-Floral-Set3-S,B0F9LR7BBQ,"ZIBELL Women's Floral Print Cotton Panties, Full Coverage, Pack of 3 (in, Alpha, S, Regular, 3, Floral Assorted)",0,0
BO-OAFN-IDV2,B0FR3RG265,"ZIBELL Winter Beanie Cap, Unisex Slouchy Style, Lightweight and Warm (in, Alpha, Free Size, Grey)",283,113.2
ASC-02,B0FRSXW33T,"ZIBELL Ankle Sports Socks for Men & Women, Suitable Made With Durable, Athletic Running Socks, Breathable Cotton - Pack of 5, Free Size",439,175.60000000000002
arm sleeves001,B0CV4NRN9Z,"ZIBELL UV Protection Arm Sleeves with Thumb Hole, Pack of 2 for Men & Women, Sun Protection Sleeves for Running, Hand Cover for Bike Riding Nylon",189,75.60000000000001
pompom-hat-pink-white,B0FSSFGYVT,"ZIBELL Stylish Winter Woolen Cap for Women, Girls, Thermal Head Wear (in, Alpha, Free Size, Pattern 4)",352,140.8
tights/red/xl,B0FBKGN3DS,"ZIBELL Gym Tights, Athletic Leggings for Women, High-Waist Workout Pants (in, Alpha, XL, Regular, Red)",299,119.60000000000001
WC-Pump-Cap-White,B0G3T71B67,"ZIBELL Moving Bunny Ear Hat, Plush Winter Animal Cap with Air Pump Ears, Soft Knit Lining for Kids, Girls and Boys (in, Age, 5 Years, 15 Years, White)",465.71,186.284
Z3-YXHM-UJC5,B0FR3Q6XVM,"ZIBELL Winter Beanie Cap, Unisex Slouchy Style, Lightweight and Warm (in, Alpha, Free Size, Yellow)",279,111.60000000000001
ankle-socks-with heel 5 pairs,B0FRSWWQFD,"ZIBELL Ankle Sports Socks for Men & Women, Athletic Running Socks, Suitable Made With Durable, Breathable Cotton - Pack of 5, Free Size",439,175.60000000000002
beret-hat-5,B0FT8TCF8J,"ZIBELL Women's Winter Knit Beanie Beret Hat, Warm Headwear for Cold Weather (in, Alpha, Free Size, Pattern 5)",283,113.2
5J-TVG6-JCDW,B0G1YF27N4,"ZIBELL Winter Plush Foldable Earmuffs, Faux Fur Ear Warmers, Fluffy Headband for Women, Girls and Adults, One Size Fits All, Outdoor Cold Weather Protection (Grey, One Size)",270.48,108.19200000000001
nyx-pack3-cotton-socks-BZR,B0DYV7SK3P,"ZIBELL Men's Cotton Crew Socks, Full Length, Lightweight, Breathable, Pack of 3",189.52,75.808
cycling-shorts-swb-L,B0DV5T32PH,"ZIBELL Women's Cycling Shorts, Pack of 3, Mid-Thigh Length, Black/Beige/White (in, Alpha, L, Regular, 3, Skin, White, Black)",489,195.60000000000002
UE-Z5OU-4Z0X,B0FR3SQYB1,"ZIBELL Winter Beanie Cap, Unisex Slouchy Style, Lightweight and Warm (in, Alpha, Free Size, Blue)",283,113.2
vanity/combo/2,B0CY9JJRC8,"Zibell Organic Cotton Eyebrow Threading Tool for Women - 2 Spools x 300 Meters - for Upperlips Shaping, Forehead and Chin Hair Removal - Salon Spa Hom",236,94.4
KF-7OD9-1EN9,B0G1YG9TKJ,"ZIBELL Winter Plush Foldable Earmuffs, Faux Fur Ear Warmers, Fluffy Headband for Women, Girls and Adults, One Size Fits All, Outdoor Cold Weather Protection (Pink, One Size)",284,113.60000000000001
X4-X0DK-9843,B0FTPDPFJ1,"ZIBELL Women's High-Waist Athletic Workout Leggings, Compression Gym Tights for Exercise, Training, Fitness (in, Alpha, M, Regular, Dark Grey)",299,119.60000000000001
WC-Pump-Cap-Pink,B0G3S4C4M8,"ZIBELL Moving Bunny Ear Hat, Plush Winter Animal Cap with Air Pump Ears, Soft Knit Lining for Kids, Girls and Boys (in, Age, 5 Years, 15 Years, Pink)",489,195.60000000000002
UA-91F4-SM4S,B0G1YGQSP1,"ZIBELL Winter Plush Foldable Earmuffs, Faux Fur Ear Warmers, Fluffy Headband for Women, Girls and Adults, One Size Fits All, Outdoor Cold Weather Protection (Beige, One Size)",284,113.60000000000001
KM-MHMD-O1TY,B0FTNS8FHF,"ZIBELL Women's High-Waist Athletic Workout Leggings, Compression Gym Tights for Exercise, Training, Fitness (in, Alpha, L, Regular, Pink)",299,119.60000000000001
jackard-bathtowel-golden-set2,B0FMRW33HS,"Premium Bath Towels Set of 2 - Luxurious Bath Towel Set with Exceptional Durability - Absorbent Shower Towels for Home & Spa - 30 x 60 Inch Size (2, G",836,334.40000000000003
baby/ear/Beanie/Pink,B0DP9QJGZV,"ZIBELL Kids Woolen Beanie Hats - Newborn Baby Boys Girls Earflap Cap - Winter Warm Knit Fuzzy Plush Cap with Neck Scarf Set (Age 0-4 Yrs) (in, Age, 2",425,170
tights/red/l,B0FBKG6RVQ,"ZIBELL Gym Tights, Athletic Leggings for Women, High-Waist Workout Pants (in, Alpha, L, Regular, Red)",299,119.60000000000001
WC-Pump-Cap-Black,B0G3RWVZZB,"ZIBELL Moving Bunny Ear Hat, Plush Winter Animal Cap with Air Pump Ears, Soft Knit Lining for Kids, Girls and Boys (in, Age, 5 Years, 15 Years, Black)",489,195.60000000000002
black-WG-01,B0G1YJ35CR,"ZIBELL Winter Warm Cotton Polyester Gloves with Anti-Slip Palm Design, Splashproof Windproof Thermal Protection for Men, Women, Cycling, Skiing, Bikin",345,138
HN-C2EU-9TPW,B0FTPVVYZR,"ZIBELL Women's High-Waist Athletic Workout Leggings, Compression Gym Tights for Exercise, Training, Fitness (in, Alpha, 2XL, Regular, Dark Grey)",299,119.60000000000001
baby/ear/Beanie/Red,B0DP9QN4Z3,"ZIBELL Kids Woolen Beanie Hats - Newborn Baby Boys Girls Earflap Cap - Winter Warm Knit Fuzzy Plush Cap with Neck Scarf Set (Age 0-4 Yrs) (in, Age, 2",425,170
9L-Q3YF-4TQH,B0FTPFZZHD,"ZIBELL Women's High-Waist Athletic Workout Leggings, Compression Gym Tights for Exercise, Training, Fitness (in, Alpha, 2XL, Regular, Peach)",299,119.60000000000001
UR-YGBZ-IP9J,B0FTPC9G1K,"ZIBELL Women's High-Waist Athletic Workout Leggings, Compression Gym Tights for Exercise, Training, Fitness (in, Alpha, XL, Regular, Pink)",299,119.60000000000001
organica/box/usa,B0CXN8XF5H,"ZIBELL Organic Cotton Eyebrow Threading Thread Tool For Women - 8 Spools X 300 Meters - Eyebrows Threading - Upperlips Shaping - Forehead Chin Hair Removal - Salon Spa Home By Zibell, Green",998,399.20000000000005
polka-dots-crew-set5,B0FML5YQGW,"ZIBELL Crew Length Calf Socks for Men, Premium Combed Cotton, Set of 5, Seamless, Formal and Dress Socks",599,239.60000000000002
WG-Army-grey,B0G1V58T9Q,"ZIBELL Winter Warm Cotton Polyester Gloves, Splashproof Windproof Hand Protection with Anti-Slip Design, for Men Women Riding Cycling Skiing Biking (S",299,119.60000000000001
tights/grey/m,B0FBKGFH2T,"ZIBELL Gym Tights, Athletic Leggings for Women, High-Waist Workout Pants (in, Alpha, M, Regular, Grey)",0,0
tights/white/l,B0FBKDQVR3,"ZIBELL Gym Tights, Athletic Leggings for Women, High-Waist Workout Pants (in, Alpha, L, Regular, White)",299,119.60000000000001